No.	Type	Module	Issue / Current Behavior	Requirement	Acceptance Criteria	Priority	Category	Jobscope
1	Bug Fix	Withdraw Leaderboard	Rank 4–20 do not display Token rewards	Display the correct Token reward for every leaderboard ranking from Rank 4 to Rank 20	Rank 4–20 each show their configured Token reward correctly; displayed reward matches backend configuration	High	Leaderboard	FE + BE
2	Enhancement	MRS Mission – Promotion Pop-up	Mission Claim currently has no deposit-promotion flow	When member clicks Claim on an MRS Mission, trigger the promotion pop-up when configured	Pop-up only triggers from Mission Claim and only on MRS Mission page	High	Mission / Promotion	FE + BE
3	Enhancement	Mission Promotion Pop-up – Wallet Eligibility	Promotion participation depends on NS wallet balance	If NS Wallet = RM0, member can unlock promotion. If NS Wallet > RM0, member must clear wallet first	System checks NS wallet balance before allowing participation	High	Eligibility	BE
4	Enhancement	Mission Promotion Pop-up – Eligible Member Flow	No deposit CTA	For NS Wallet = RM0, show promotion content such as Deposit RM200 & Get Extra 50 Tokens with Unlock Reward and Skip	Unlock Reward redirects to Deposit Page; Skip closes pop-up	High	Mission / UI	FE
5	Enhancement	Mission Promotion Pop-up – Non-Eligible Flow	No wallet-clearing instruction	For NS Wallet > RM0 show Clear your wallet balance to unlock this reward	Clear Now redirects to NS Wallet Profile; Skip closes pop-up; member can participate after wallet is cleared	High	Mission / UI	FE + BE
6	Enhancement	Mission Promotion Pop-up – Deposit Validation	Deposit promotion completion logic not available	Count only successful deposits toward the promotion requirement	Failed/pending/cancelled deposits do not count; only qualified successful deposits contribute to completion	High	Deposit Validation	BE
7	Enhancement	Mission Promotion Pop-up – Auto Reward	Reward currently not automatically credited	After member satisfies deposit requirements, automatically credit configured reward	Reward is credited once according to configured claim limit; supported reward is Token or Battle Point	High	Reward Engine	BE
8	Enhancement	Mission Promotion Pop-up – Completion Pop-up	No completion confirmation	When qualified member returns to MRS Mission page, show Mission Completed pop-up	Pop-up shows completion message, reward type, reward amount, automatic-credit confirmation and Got It button	High	Mission / UI	FE + BE
9	Enhancement	Mission Game – Pop-out Configuration	No backend promotion configuration	Add a new Pop Out Setting beside Add Mission in Mission Game	Admin can access the new promotion configuration without modifying normal Add Mission flow	High	Admin Configuration	FE + BE
10	Enhancement	Pop-out Configuration – General	No promotion enable/scheduling controls	Admin can Enable/Disable pop-up, select Mission Category, specific Mission, date range, day(s), start time and end time	Configuration saves correctly and promotion only operates during configured schedule	High	Admin Configuration	FE + BE
11	Enhancement	Pop-out Configuration – Mission Selection	Promotion cannot target specific mission	Admin selects Daily Mission / Weekly Mission / Challenge Mission, then selects a specific mission under that category	Mission list corresponds to selected category	High	Admin Configuration	FE + BE
12	Enhancement	Pop-out Configuration – Content	Pop-up content cannot be managed	Allow admin to upload Banner/Image and edit pop-up content	Saved image/content displays on member promotion pop-up	High	Content Management	FE + BE
13	Enhancement	Pop-out Configuration – Deposit	Deposit conditions cannot be configured	Admin can set required deposit amount, number of deposit times, and choose Single Deposit / Accumulated Deposit	Member qualification follows saved deposit configuration	High	Promotion Rules	BE + FE
14	Enhancement	Pop-out Configuration – Display Frequency	No configurable frequency	Allow Once per member, Once per member per day, or maximum display times during promotion period	Pop-up does not exceed selected display rule	High	Frequency Control	BE
15	Enhancement	Pop-out Configuration – Claim Limit	No configurable member claim limit	Set maximum claims per member: Once per member, Once per member per day, or limited times during promotion period	Reward claims cannot exceed configured limit	High	Reward Control	BE
16	Enhancement	Pop-out Configuration – Reward	Reward configuration required	Admin selects reward category Token / Battle Point and reward amount	Correct reward type and amount are credited after qualification	High	Reward Engine	FE + BE
17	Enhancement	Pop-out Configuration – Eligibility	No configurable audience rules	Add optional Station, Wallet VIP Level(s) and MRS Level(s)	Eligibility follows configuration rules defined below	High	Eligibility	FE + BE
18	Enhancement	Promotion Eligibility Logic	Audience matching rules required	No Station = all stations. No Level = all members. One level type = evaluate that level only. Both Wallet VIP + MRS Level = member must satisfy both	Qualified/non-qualified members are determined exactly according to configured selections	High	Eligibility	BE
19	Enhancement	Mission Game – Time Setting	Only Start Date / End Date available	Add Start Time and End Time next to existing Start Date and End Date	Mission active period follows both configured date and time	High	Mission Configuration	FE + BE
20	Enhancement	Profile – Change Theme	Only Change Frame currently available	Add Change Theme next to Change Frame	Change Frame appears on left; Change Theme appears on right	Medium	Member Profile	FE + BE
21	UI Enhancement	Profile – Change Frame	Existing Change Frame box is too small	Enlarge Change Frame button and make Change Frame / Change Theme same size and style	Both buttons are readable, visually consistent and usable	Medium	UI/UX	FE
22	Enhancement	Profile – Brand Theme	Member cannot manually select brand theme	Change Theme must provide themes from all 6 brands	Member can freely switch to any of the six available themes	Medium	Theme	FE + BE
23	Enhancement	Theme Persistence	Theme normally follows station	Each station has default theme, but a member's manually selected theme overrides station theme	After member manually changes theme, selected theme remains when entering MRS through another station; station default applies only if member never changed theme	Medium	Theme Preference	FE + BE
24	Enhancement	Smash Egg – Sequence	Sequence requires manual setup	Add Import Sequence for Smash Sequence	Admin can import Smash Egg sequence using CSV/XLS/XLSX	Medium	Admin Tool	FE + BE
25	Enhancement	Lucky Spin – Sequence	Sequence requires manual setup	Add Import Sequence for Spin Sequence	Admin can import Lucky Spin sequence using CSV/XLS/XLSX	Medium	Admin Tool	FE + BE
26	Enhancement	Penalty Kick – Sequence	Sequence requires manual setup	Add Import Sequence for Kick Sequence	Admin can import Penalty Kick sequence using CSV/XLS/XLSX	Medium	Admin Tool	FE + BE
27	Enhancement	Sequence Import Template	Import structure is not currently supplied	Development must provide the accepted CSV/XLS/XLSX template/format	Admin has a valid reference/template showing the required import structure	Medium	Admin Tool	BE
28	Enhancement	Usage Report – Game Filter	Avatar is live but unavailable in Usage Report	Add Avatar to Game filter	Admin can select Avatar independently and report displays Avatar usage data	Medium	Reporting	FE + BE
29	Enhancement	Game Performance	Avatar is missing from Game Performance	Add Avatar to Game Performance reporting	Avatar appears alongside other games and its performance metrics are populated	Medium	Reporting	FE + BE
30	Enhancement	Cohort Retention	Avatar is missing from Cohort Retention	Add Avatar to Cohort Retention reporting	Avatar retention data is displayed in the same structure as other games	Medium	Reporting	FE + BE
31	Enhancement	Usage Report – Total Withdrawal	Existing card displays Tokens Consumed	Rename/replace Tokens Consumed with Total Withdrawal	Card displays total withdrawal amount for selected reporting period	High	Reporting	FE + BE
32	Enhancement	Usage Report – Avg. Session Duration	Metric currently unavailable	Add Avg. Session Duration based on selected game	Lucky Spin filter shows Lucky Spin duration, Penalty Kick shows Penalty Kick duration, etc.	High	Reporting	FE + BE
33	Calculation	Game Avg. Session Duration	Calculation required	Total time spent in selected game ÷ Total sessions for that game	Metric uses only records belonging to selected game and selected reporting period	High	Reporting Calculation	BE
34	Enhancement	Usage Report – Member Usage History	Existing section is Daily Activity History	Rename it to Member Usage History and replace current table structure	New member-based table follows selected date range	High	Reporting	FE + BE
35	Enhancement	Member Usage History – Columns	Current columns are daily aggregate data	Show: No., Phone Number, Username, Station, Tokens Used, Battle Point Used, Avg. Session Duration, Most Played Game, Total Rewards, Total Withdrawal	All ten columns are available and populated for each member	High	Reporting	FE + BE
36	Enhancement	Member Usage History – Sorting	Required metrics cannot be sorted	Add high-to-low sorting for Tokens Used, Battle Point Used, Avg. Session Duration, Total Rewards and Total Withdrawal	Selecting sorting orders the complete filtered dataset from highest to lowest	High	Reporting	FE + BE
37	Calculation	Member Avg. Session Duration	Member average usage time required	Calculate Member total time spent in MRS ÷ Member total MRS sessions within selected date range regardless of mini-game	Duration reflects all MRS sessions belonging to member for filtered period	High	Reporting Calculation	BE
38	Enhancement	Reward Report – Summary	Reward report has no required overall totals	Calculate filtered totals across all pages, not only current displayed page	Summary reflects every matching record after filters are applied	High	Reporting	BE + FE
39	Calculation	Reward Report – Date	Default calculation rules required	If date range selected, use that period. If no date selected, use current month	Totals change according to selected/default date range	High	Reporting Calculation	BE
40	Calculation	Reward Report – Filters	Other filters need to affect totals	All selected filters must also apply to summary calculation	Summary always matches currently filtered dataset	High	Reporting Calculation	BE
41	Calculation	Reward Report – Credit	Credit category needs total	Calculate and display Total Credit Amount	Credit total represents all filtered Credit reward records	High	Reporting Calculation	BE
42	Calculation	Reward Report – Prize	Physical prizes cannot be summed as monetary amount	Display Total Prizes Claimed as quantity	Prize total is a count of filtered prize claims	High	Reporting Calculation	BE
43	Enhancement	Reward Report – All Categories	No-category selection needs both totals	When no category is selected, display Total Credit Amount and Total Prizes Claimed separately	Both summary values appear simultaneously	High	Reporting	FE + BE
44	Enhancement	Member List	Member List shows Current Tokens but not Battle Points	Add Current Battle Points beside Current Tokens	Each member's latest/current Battle Point balance is displayed	Medium	Member Management	FE + BE
45	Enhancement	MRS Homepage – Banner	Special For You banner is located elsewhere	Move Special For You banner to Homepage	Banner is visible from MRS Homepage	Medium	Homepage	FE
46	UI Enhancement	MRS Homepage – Theme	Brand character artwork currently appears in MRS theme	Remove all brand character images from MRS theme	Character images no longer appear in MRS theme areas affected by new homepage design	Medium	UI/UX	FE
47	Enhancement	MRS Homepage – Module List	Homepage does not contain all modules in one scrollable list	Add horizontal left/right scrollable module list	List contains Lucky Spin, Penalty Kick, Avatar, Smash Egg, Leaderboard, Missions, VIP Membership, Daily Check-in and Mart	Medium	Homepage Navigation	FE
48	UI Enhancement	Avatar Theme	Current Avatar theme is outdated	Update Avatar UI to follow each of the 6 brand themes	Correct theme is displayed for applicable brand	Low	Avatar UI	FE
49	UI Enhancement	Avatar Theme	Avatar needs visual update without functional/layout change	Update only UI colors, buttons, icons and UI elements	Existing Avatar layout and functionality remain unchanged	Low	Avatar UI	FE
50	UI Constraint	Avatar Theme	Character background should not be redesigned	Keep current Avatar character background unchanged	Character/background assets remain as existing implementation	Low	Avatar UI	FE
51	UI Enhancement	Reward Display	Reward has yellow background and item appears too small	Remove yellow background and enlarge reward item image	Reward image is more prominent without changing card layout/design	Low	Mart / Reward UI	FE
52	UI Enhancement	Reward Display – All Brands	Change needs global coverage	Apply new reward display to all reward items and all 6 brands	No old yellow-background style remains for reward items under any brand	Low	Mart / Reward UI	FE
53	Enhancement	Reward Display – Preview	Member cannot enlarge reward item	Add magnifying-glass icon beside reward image; clicking icon or reward image opens larger preview	Both interaction methods display enlarged reward preview	Low	Mart / Reward UI	FE
54	UI Enhancement	MRS – Menu Icon	Current MRS menu/module icons are too small and not prominent enough on the member page	Enlarge the MRS menu icons for all 6 brands. The updated icon size should make each MRS entry point easier for members to notice and access. The enlarged icon should follow the respective brand theme and remain properly positioned	1. Menu icon is enlarged for all 6 brands.  2. Icon remains clearly visible on supported member pages.  3. Icon follows the corresponding brand design/theme.  4. Clicking the icon continues to redirect/open MRS correctly.  5. Existing MRS functions and navigation remain unchanged.  6. Display is responsive and properly positioned on supported screen sizes.	Medium	UI/UX / MRS Entry Point	FE
								
	Notes							
1	Please check on the slide, if you dont get me	[MRS] -  New Requirement & Enhancement						